<?xml version="1.0" encoding="UTF-8"?>
<root>
  <item name="androidx.browser.customtabs.CustomTabsCallback void onRelationshipValidationResult(int, android.net.Uri, boolean, android.os.Bundle) 0">
    <annotation name="androidx.annotation.IntDef">
      <val name="value" val="{androidx.browser.customtabs.CustomTabsService.RELATION_USE_AS_ORIGIN, androidx.browser.customtabs.CustomTabsService.RELATION_HANDLE_ALL_URLS}" />
    </annotation>
  </item>
  <item name="androidx.browser.customtabs.CustomTabsService boolean validateRelationship(androidx.browser.customtabs.CustomTabsSessionToken, int, android.net.Uri, android.os.Bundle) 1">
    <annotation name="androidx.annotation.IntDef">
      <val name="value" val="{androidx.browser.customtabs.CustomTabsService.RELATION_USE_AS_ORIGIN, androidx.browser.customtabs.CustomTabsService.RELATION_HANDLE_ALL_URLS}" />
    </annotation>
  </item>
  <item name="androidx.browser.customtabs.CustomTabsService int postMessage(androidx.browser.customtabs.CustomTabsSessionToken, java.lang.String, android.os.Bundle)">
    <annotation name="androidx.annotation.IntDef">
      <val name="value" val="{androidx.browser.customtabs.CustomTabsService.RESULT_SUCCESS, androidx.browser.customtabs.CustomTabsService.RESULT_FAILURE_DISALLOWED, androidx.browser.customtabs.CustomTabsService.RESULT_FAILURE_REMOTE_ERROR, androidx.browser.customtabs.CustomTabsService.RESULT_FAILURE_MESSAGING_ERROR}" />
    </annotation>
  </item>
  <item name="androidx.browser.customtabs.CustomTabsService.Relation">
    <annotation name="androidx.annotation.IntDef">
      <val name="value" val="{androidx.browser.customtabs.CustomTabsService.RELATION_USE_AS_ORIGIN, androidx.browser.customtabs.CustomTabsService.RELATION_HANDLE_ALL_URLS}" />
    </annotation>
  </item>
  <item name="androidx.browser.customtabs.CustomTabsService.Result">
    <annotation name="androidx.annotation.IntDef">
      <val name="value" val="{androidx.browser.customtabs.CustomTabsService.RESULT_SUCCESS, androidx.browser.customtabs.CustomTabsService.RESULT_FAILURE_DISALLOWED, androidx.browser.customtabs.CustomTabsService.RESULT_FAILURE_REMOTE_ERROR, androidx.browser.customtabs.CustomTabsService.RESULT_FAILURE_MESSAGING_ERROR}" />
    </annotation>
  </item>
  <item name="androidx.browser.customtabs.CustomTabsSession boolean validateRelationship(int, android.net.Uri, android.os.Bundle) 0">
    <annotation name="androidx.annotation.IntDef">
      <val name="value" val="{androidx.browser.customtabs.CustomTabsService.RELATION_USE_AS_ORIGIN, androidx.browser.customtabs.CustomTabsService.RELATION_HANDLE_ALL_URLS}" />
    </annotation>
  </item>
  <item name="androidx.browser.customtabs.CustomTabsSession int postMessage(java.lang.String, android.os.Bundle)">
    <annotation name="androidx.annotation.IntDef">
      <val name="value" val="{androidx.browser.customtabs.CustomTabsService.RESULT_SUCCESS, androidx.browser.customtabs.CustomTabsService.RESULT_FAILURE_DISALLOWED, androidx.browser.customtabs.CustomTabsService.RESULT_FAILURE_REMOTE_ERROR, androidx.browser.customtabs.CustomTabsService.RESULT_FAILURE_MESSAGING_ERROR}" />
    </annotation>
  </item>
  <item name="androidx.browser.customtabs.CustomTabsSessionToken.MockCallback void onRelationshipValidationResult(int, android.net.Uri, boolean, android.os.Bundle) 0">
    <annotation name="androidx.annotation.IntDef">
      <val name="value" val="{androidx.browser.customtabs.CustomTabsService.RELATION_USE_AS_ORIGIN, androidx.browser.customtabs.CustomTabsService.RELATION_HANDLE_ALL_URLS}" />
    </annotation>
  </item>
</root>

